-- ============================================================================
-- INSERTING TEST DATA
-- ============================================================================

-- Insert users
INSERT INTO users (fullname, password, email, phone, user_image_url) VALUES
('Alex', '8c6976e5b5410415bde908bd4dee15dfb167a9c873fc4bb8a81f6f2ab448a918', 'alex@fitnesstrainer.com', '+34 666 123 456', 'https://example.com/images/carlos.jpg'),
('Sarah Athlete', '$2a$10$yK9L6w4zM2n5v6b7c8d9e0', 'sarah.athlete@example.com', '2345678901', 'https://example.com/images/sarah.jpg'),
('Mike Coach', '$2a$10$zL0M7x5yN4o3p2q1r9s8t7', 'mike.coach@example.com', '3456789012', 'https://example.com/images/mike.jpg'),
('Emma Runner', '$2a$10$aB1C2d3E4f5G6h7I8j9K0l', 'emma.runner@example.com', '4567890123', 'https://example.com/images/emma.jpg'),
('David Lifter', '$2a$10$bM9N8O7P6q5R4s3T2U1V0w', 'david.lifter@example.com', '5678901234', 'https://example.com/images/david.jpg'),
('Lisa Swimmer', '$2a$10$cX9Y8Z7W6v5U4t3S2R1Q0p', 'lisa.swimmer@example.com', '6789012345', 'https://example.com/images/lisa.jpg'),
('Admin User', '$2a$10$dA1d2m3i4n5a6d7m8i9n0a', 'admin@example.com', '7890123456', 'https://example.com/images/admin.jpg');

-- Insert user status
INSERT INTO user_status (state, user_id, is_online, last_seen_at) VALUES
('ACTIVE', 1, TRUE, NOW()),
('ACTIVE', 2, FALSE, NOW() - INTERVAL '30 minutes'),
('ACTIVE', 3, TRUE, NOW()),
('ACTIVE', 4, FALSE, NOW() - INTERVAL '2 hours'),
('ACTIVE', 5, TRUE, NOW()),
('ACTIVE', 6, FALSE, NOW() - INTERVAL '1 day'),
('ACTIVE', 7, TRUE, NOW());

-- Insert trainers
INSERT INTO trainers (specialization, years_of_experience, user_id) VALUES
('Strength Training', 5, 1),
('Cardio and Endurance', 3, 3),
('Swimming and Aquatic Sports', 7, 7);

-- Insert allergies
INSERT INTO allergies (name) VALUES
('Peanuts'),
('Gluten'),
('Lactose'),
('Shellfish'),
('Eggs'),
('Soy');

-- Insert athletes
INSERT INTO athletes (age, sex, training_since, need_assistant, user_id, trainer_id) VALUES
(28, 'FEMALE', NOW() - INTERVAL '1 year', FALSE, 2, 1),
(32, 'MALE', NOW() - INTERVAL '6 months', TRUE, 4, 1),
(25, 'MALE', NOW() - INTERVAL '2 years', FALSE, 5, 3),
(30, 'FEMALE', NOW() - INTERVAL '3 months', TRUE, 6, 3);

-- Insert athlete allergies
INSERT INTO athlete_allergies (athlete_id, allergy_id) VALUES
(1, 2), -- Sarah is allergic to gluten
(1, 3), -- Sarah is allergic to lactose
(3, 1), -- David is allergic to peanuts
(4, 4); -- Lisa is allergic to shellfish

-- Insert measurements
INSERT INTO measurements (athlete_id, weight, height, body_fat, arm_size, chest_back_size, hip_size, leg_size, calves_size) VALUES
(1, 65.5, 170.0, 22.0, 28.5, 95.0, 92.0, 55.0, 36.0),
(2, 80.0, 180.0, 18.0, 35.0, 110.0, 100.0, 60.0, 40.0),
(3, 75.0, 175.0, 15.0, 32.0, 105.0, 95.0, 58.0, 38.0),
(4, 60.0, 165.0, 20.0, 26.0, 90.0, 88.0, 52.0, 34.0);

-- Insert certifications
INSERT INTO certifications (trainer_id, name, issuing_organization, complete_at) VALUES
(1, 'Certified Strength Trainer', 'National Strength Association', NOW() - INTERVAL '3 years'),
(1, 'Advanced Nutrition Specialist', 'Fitness Professionals Academy', NOW() - INTERVAL '2 years'),
(2, 'Cardio Conditioning Expert', 'International Sports Science Association', NOW() - INTERVAL '1 year'),
(3, 'Aquatic Fitness Instructor', 'World Swimming Federation', NOW() - INTERVAL '5 years');

-- Insert trainer socials
INSERT INTO trainer_socials (trainer_id, platform, url) VALUES
(1, 'Instagram', 'https://instagram.com/johntrainer'),
(1, 'Twitter', 'https://twitter.com/johntrainer'),
(2, 'Instagram', 'https://instagram.com/mikecoach'),
(3, 'YouTube', 'https://youtube.com/lisaswimmer');

-- Insert trainer availability
INSERT INTO trainer_availability (trainer_id, week_day, start_time, end_time) VALUES
(1, 'MONDAY', '2023-01-01 09:00:00', '2023-01-01 17:00:00'),
(1, 'WEDNESDAY', '2023-01-01 09:00:00', '2023-01-01 17:00:00'),
(1, 'FRIDAY', '2023-01-01 09:00:00', '2023-01-01 17:00:00'),
(2, 'TUESDAY', '2023-01-01 08:00:00', '2023-01-01 16:00:00'),
(2, 'THURSDAY', '2023-01-01 08:00:00', '2023-01-01 16:00:00'),
(3, 'MONDAY', '2023-01-01 07:00:00', '2023-01-01 15:00:00'),
(3, 'WEDNESDAY', '2023-01-01 07:00:00', '2023-01-01 15:00:00'),
(3, 'FRIDAY', '2023-01-01 07:00:00', '2023-01-01 15:00:00');

INSERT INTO exercises (name, description, body_part) VALUES
-- Ejercicios originales traducidos
('Press de banca', 'Press de banca con barra estándar', 'CHEST'),
('Sentadilla', 'Sentadilla trasera con barra', 'LEG'),
('Peso muerto', 'Peso muerto convencional', 'BACK'),
('Dominada', 'Dominada con peso corporal', 'BACK'),
('Flexión', 'Flexión estándar', 'CHEST'),
('Correr', 'Correr al aire libre o en cinta', 'FULL_BODY'),
('Natación', 'Natación estilo libre', 'FULL_BODY'),
('Plancha', 'Ejercicio de estabilidad core', 'CORE'),
('Curl de bíceps', 'Curl de bíceps con mancuerna', 'ARM'),
('Press de hombros', 'Press de hombros con mancuernas', 'SHOULDER'),
('Press inclinado', 'Press de banca en banco inclinado', 'CHEST'),
('Fondos en paralelas', 'Ejercicio de tríceps y pecho', 'ARM'),
('Peso muerto rumano', 'Variación de peso muerto', 'LEG'),
('Zancadas', 'Zancadas con o sin peso', 'LEG'),
('Remo con barra', 'Ejercicio para espalda', 'BACK'),
('Face pull', 'Ejercicio para hombros posteriores', 'SHOULDER'),
('Elevaciones laterales', 'Elevaciones laterales con mancuernas', 'SHOULDER'),
('Curl martillo', 'Variación de curl de bíceps', 'ARM'),
('Extensión de tríceps', 'Extensión de tríceps con cuerda', 'ARM'),
('Abdominales', 'Abdominales tradicionales', 'CORE'),
('Russian twist', 'Giros rusos con peso', 'CORE'),
('Burpees', 'Ejercicio completo de cuerpo', 'FULL_BODY'),
('Salto de cuerda', 'Ejercicio cardiovascular', 'FULL_BODY'),
('Ciclismo', 'Ciclismo estático o al aire libre', 'LEG'),
('Prensa de piernas', 'Ejercicio en máquina para piernas', 'LEG'),
('Pullover', 'Ejercicio para pecho y espalda', 'CHEST'),
('Encogimientos', 'Encogimientos de hombros con peso', 'SHOULDER'),
('Patada de tríceps', 'Ejercicio de tríceps con mancuerna', 'ARM'),
('Plancha lateral', 'Variación de plancha para oblicuos', 'CORE'),
('Hip thrust', 'Ejercicio para glúteos', 'LEG'),
('Pistol squat', 'Sentadilla a una pierna', 'LEG'),
('Muscle up', 'Ejercicio avanzado de calistenia', 'FULL_BODY'),
('Front squat', 'Sentadilla frontal', 'LEG'),
('Clean and jerk', 'Ejercicio olímpico completo', 'FULL_BODY'),
('Snatch', 'Arranque olímpico', 'FULL_BODY'),
('Curl invertido', 'Curl con agarre invertido', 'ARM'),
('Elevación de talones', 'Ejercicio para gemelos', 'LEG'),
('Bird dog', 'Ejercicio de core y equilibrio', 'CORE'),
('Superman', 'Ejercicio para espalda baja', 'BACK'),
('Pull-down', 'Jalón en polea alta', 'BACK'),
('Press militar', 'Press de hombros con barra', 'SHOULDER'),
('Press francés', 'Ejercicio de tríceps', 'ARM'),
('Crunches', 'Abdominales cortos', 'CORE'),
('Mountain climbers', 'Ejercicio cardiovascular', 'FULL_BODY'),
('Box jump', 'Saltos al cajón', 'LEG'),
('Kettlebell swing', 'Balanceo con kettlebell', 'FULL_BODY'),
('Farmer walk', 'Caminata con peso', 'FULL_BODY'),
('Dips', 'Fondos en banco o barras', 'ARM'),
('Pull-up agarre neutro', 'Dominadas con palmas enfrentadas', 'BACK'),
('Pull-up asistido', 'Dominadas con asistencia', 'BACK'),
('Push press', 'Press de hombros con impulso', 'SHOULDER'),
('Curl concentrado', 'Curl de bíceps apoyado', 'ARM'),
('Extensión de pierna', 'Ejercicio en máquina para cuádriceps', 'LEG'),
('Curl de pierna', 'Ejercicio en máquina para isquiotibiales', 'LEG'),
('Press de pecho con mancuernas', 'Press en banco con mancuernas', 'CHEST'),
('Aperturas', 'Ejercicio de pecho con mancuernas', 'CHEST'),
('Remo con mancuerna', 'Remo a una mano', 'BACK'),
('Remo en polea baja', 'Ejercicio para espalda', 'BACK'),
('Elevaciones frontales', 'Elevaciones frontales con mancuernas', 'SHOULDER'),
('Press Arnold', 'Variación de press de hombros', 'SHOULDER'),
('Curl en barra Z', 'Curl de bíceps con barra Z', 'ARM'),
('Extensión de tríceps en polea', 'Ejercicio de tríceps en máquina', 'ARM'),
('Elevaciones laterales inclinado', 'Ejercicio para hombros', 'SHOULDER'),
('Abdominales en rueda', 'Ejercicio avanzado de core', 'CORE'),
('Levantamiento de piernas', 'Ejercicio para abdominales inferiores', 'CORE'),
('Plancha con elevación de pierna', 'Variación avanzada de plancha', 'CORE'),
('Sentadilla búlgara', 'Sentadilla dividida con elevación', 'LEG'),
('Step-up', 'Subida al banco con peso', 'LEG'),
('Caminata de oso', 'Ejercicio de movilidad y core', 'FULL_BODY'),
('Wall sit', 'Isométrico para piernas', 'LEG'),
('Flexión diamante', 'Flexión con manos juntas', 'ARM'),
('Flexión inclinada', 'Flexión con pies elevados', 'CHEST'),
('Flexión declinada', 'Flexión con manos elevadas', 'CHEST'),
('Sentadilla sumo', 'Sentadilla con piernas abiertas', 'LEG'),
('Peso muerto sumo', 'Variación de peso muerto', 'LEG'),
('Remo invertido', 'Ejercicio de espalda con peso corporal', 'BACK'),
('Pullover con mancuerna', 'Ejercicio para pecho y espalda', 'CHEST'),
('Press de hombros con barra', 'Press militar con barra', 'SHOULDER'),
('Curl predicador', 'Curl de bíceps en banco predicador', 'ARM'),
('Extensión de tríceps en banco', 'Fondos de tríceps en banco', 'ARM'),
('Abdominales en máquina', 'Ejercicio de abdominales con peso', 'CORE'),
('Rotación de torso', 'Ejercicio para oblicuos', 'CORE'),
('Escaladores', 'Variación de mountain climbers', 'FULL_BODY'),
('Salto de caja lateral', 'Ejercicio pliométrico', 'LEG'),
('Balanceo ruso', 'Ejercicio con kettlebell', 'FULL_BODY'),
('Cargada de potencia', 'Ejercicio olímpico', 'FULL_BODY'),
('Press de pecho en máquina', 'Press en máquina guiada', 'CHEST'),
('Prensa inclinada', 'Prensa de piernas inclinada', 'LEG'),
('Pull-down agarre cerrado', 'Jalón en polea con agarre cerrado', 'BACK'),
('Remo en máquina', 'Ejercicio de espalda en máquina', 'BACK'),
('Elevaciones laterales en polea', 'Ejercicio de hombros en polea', 'SHOULDER'),
('Press de hombros en máquina', 'Press en máquina guiada', 'SHOULDER'),
('Curl en polea baja', 'Curl de bíceps en polea', 'ARM'),
('Extensión de tríceps con barra', 'Ejercicio de tríceps con barra EZ', 'ARM'),
('Abdominales en polea', 'Crunch en polea alta', 'CORE'),
('Elevación de piernas colgado', 'Ejercicio avanzado de core', 'CORE'),
('Plancha con desplazamiento', 'Variación dinámica de plancha', 'CORE'),
('Sentadilla con salto', 'Ejercicio pliométrico', 'LEG'),
('Zancadas con salto', 'Variación pliométrica de zancadas', 'LEG'),
('Flexión con palmada', 'Flexión pliométrica', 'CHEST'),
('Dominada con palmada', 'Dominada pliométrica', 'BACK'),
('Press de banca con agarre cerrado', 'Variación para tríceps', 'CHEST'),
('Press de banca con banda elástica', 'Press con resistencia variable', 'CHEST'),
('Sentadilla con banda elástica', 'Sentadilla con resistencia adicional', 'LEG'),
('Peso muerto con banda elástica', 'Peso muerto con resistencia variable', 'BACK'),
('Remo con banda elástica', 'Ejercicio de espalda con banda', 'BACK'),
('Press de hombros con banda', 'Press con resistencia variable', 'SHOULDER'),
('Curl con banda elástica', 'Curl de bíceps con banda', 'ARM'),
('Extensión de tríceps con banda', 'Ejercicio de tríceps con banda', 'ARM'),
('Rotación con banda', 'Ejercicio para oblicuos con banda', 'CORE'),
('Press Pallof', 'Ejercicio anti-rotación', 'CORE');

-- Insert workout templates
INSERT INTO workout_templates (name, description, difficulty, workout_type, created_by) VALUES
('Beginner Full Body', 'Full body workout for beginners', 'EASY', 'STRENGTH', 1),
('Intermediate Strength', 'Strength focused intermediate workout', 'ADVANCE', 'STRENGTH', 1),
('Advanced Powerlifting', 'Advanced powerlifting program', 'HARD', 'STRENGTH', 1),
('Cardio Blast', 'High intensity cardio workout', 'ADVANCE', 'CARDIO', 2),
('Swimmer Routine', 'Swimming endurance program', 'HARD', 'CARDIO', 3);

-- Insert workout template exercises
INSERT INTO workout_template_exercises (template_id, exercise_id, week_day, reps, sets, is_optional) VALUES
(1, 1, 'MONDAY', 10, 3, FALSE),
(1, 2, 'MONDAY', 8, 3, FALSE),
(1, 3, 'MONDAY', 6, 3, FALSE),
(1, 8, 'MONDAY', 30, 3, TRUE),
(2, 1, 'MONDAY', 8, 4, FALSE),
(2, 4, 'WEDNESDAY', 6, 4, FALSE),
(2, 2, 'FRIDAY', 5, 5, FALSE),
(3, 1, 'MONDAY', 5, 5, FALSE),
(3, 2, 'WEDNESDAY', 3, 5, FALSE),
(3, 3, 'FRIDAY', 1, 5, FALSE),
(4, 6, 'TUESDAY', 20, 1, FALSE),
(4, 6, 'THURSDAY', 30, 1, FALSE),
(5, 7, 'MONDAY', 40, 1, FALSE),
(5, 7, 'WEDNESDAY', 50, 1, FALSE),
(5, 7, 'FRIDAY', 60, 1, FALSE);

-- Insert workouts
INSERT INTO workouts (name, description, difficulty, duration_minutes, workout_type, created_by, start_up) VALUES
('Sarah Strength Program', 'Custom strength program for Sarah', 'ADVANCE', 60, 'STRENGTH', 1, NOW() + INTERVAL '1 day'),
('Mike Cardio Plan', 'Cardio plan for Mike', 'EASY', 45, 'CARDIO', 2, NOW() + INTERVAL '2 days'),
('Emma Swim Training', 'Swim training for Emma', 'HARD', 90, 'CARDIO', 3, NOW() + INTERVAL '3 days'),
('David Powerlifting', 'Powerlifting routine for David', 'HARD', 120, 'STRENGTH', 1, NOW() + INTERVAL '1 week');

-- Update athletes with their workout IDs
UPDATE athletes SET workout_id = 1 WHERE id = 1;
UPDATE athletes SET workout_id = 2 WHERE id = 2;
UPDATE athletes SET workout_id = 3 WHERE id = 3;
UPDATE athletes SET workout_id = 4 WHERE id = 4;

-- Insert workout exercises
INSERT INTO workout_exercises (workout_id, exercise_id, week_day, reps, sets, is_optional) VALUES
(1, 1, 'MONDAY', 8, 4, FALSE),
(1, 2, 'MONDAY', 6, 4, FALSE),
(1, 9, 'MONDAY', 10, 3, TRUE),
(1, 4, 'WEDNESDAY', 6, 4, FALSE),
(1, 5, 'WEDNESDAY', 15, 3, FALSE),
(1, 8, 'WEDNESDAY', 45, 3, TRUE),
(1, 3, 'FRIDAY', 5, 5, FALSE),
(1, 10, 'FRIDAY', 8, 4, FALSE),
(2, 6, 'TUESDAY', 20, 1, FALSE),
(2, 6, 'THURSDAY', 30, 1, FALSE),
(3, 7, 'MONDAY', 40, 1, FALSE),
(3, 7, 'WEDNESDAY', 50, 1, FALSE),
(3, 7, 'FRIDAY', 60, 1, FALSE),
(4, 1, 'MONDAY', 5, 5, FALSE),
(4, 2, 'WEDNESDAY', 3, 5, FALSE),
(4, 3, 'FRIDAY', 1, 5, FALSE);

-- Insert completion workout statistics
INSERT INTO completion_workout_statistics (workout_id, athlete_id, complete_at) VALUES
(1, 1, NOW() - INTERVAL '3 days'),
(1, 1, NOW() - INTERVAL '1 week'),
(2, 2, NOW() - INTERVAL '2 days'),
(3, 3, NOW() - INTERVAL '5 days'),
(4, 4, NOW() - INTERVAL '1 week');

-- Insert dishes
-- Insertar platos
INSERT INTO dishes (name) VALUES
-- Platos originales traducidos
('Pollo a la parrilla'),
('Arroz integral'),
('Vegetales al vapor'),
('Filete de salmón'),
('Ensalada de quinoa'),
('Yogur griego'),
('Batido de proteínas'),
('Avena'),
('Claras de huevo'),
('Tostada de aguacate'),
('Ensalada de atún'),
('Batata'),
('Verduras a la parrilla'),
('Pasta integral'),
('Carne magra de res'),
('Pechuga de pavo'),
('Salmón al horno'),
('Lentejas cocidas'),
('Garbanzos asados'),
('Tofu a la plancha'),
('Tempeh horneado'),
('Sardinas a la parrilla'),
('Atún a la plancha'),
('Huevos duros'),
('Omelette de espinacas'),
('Revuelto de champiñones'),
('Sopa de lentejas'),
('Crema de espárragos'),
('Ensalada César light'),
('Ensalada de garbanzos'),
('Ensalada de espinacas'),
('Ensalada de salmón'),
('Ensalada de quinoa y aguacate'),
('Puré de coliflor'),
('Arroz con brócoli'),
('Arroz salvaje'),
('Cuscús integral'),
('Bulgur con verduras'),
('Pan integral'),
('Pan de centeno'),
('Tortillas de maíz'),
('Tortillas de trigo integral'),
('Hummus casero'),
('Guacamole light'),
('Salmón en papillote'),
('Merluza al vapor'),
('Trucha a la plancha'),
('Pechuga de pollo al horno'),
('Muslos de pollo sin piel'),
('Lomo de cerdo magro'),
('Filete de ternera'),
('Solomillo de res'),
('Hamburguesa de pavo'),
('Albóndigas de carne magra'),
('Chuletas de cordero magras'),
('Camarones al ajillo'),
('Mejillones al vapor'),
('Calamares a la plancha'),
('Berberechos al natural'),
('Revuelto de gambas'),
('Tortilla de patata light'),
('Crepes integrales'),
('Gachas de avena'),
('Muesli casero'),
('Granola sin azúcar'),
('Frutos secos tostados'),
('Mix de semillas'),
('Smoothie verde'),
('Zumo detox'),
('Agua infusionada'),
('Caldo de huesos'),
('Caldo de verduras'),
('Sopa miso'),
('Gazpacho'),
('Salmorejo light'),
('Crema de calabaza'),
('Crema de zanahoria'),
('Puré de boniato'),
('Patatas al horno'),
('Calabacín asado'),
('Berenjena a la parrilla'),
('Espárragos trigueros'),
('Espinacas salteadas'),
('Acelgas cocidas'),
('Brócoli al vapor'),
('Coliflor al horno'),
('Coles de Bruselas asadas'),
('Pimientos asados'),
('Tomates rellenos'),
('Calabacines rellenos'),
('Pimientos rellenos'),
('Champiñones rellenos'),
('Ratatouille'),
('Pisto'),
('Tabulé'),
('Falafel al horno'),
('Huevos rellenos'),
('Huevos escalfados'),
('Huevos benedictinos light'),
('Tostadas francesas integrales'),
('Porridge de avena'),
('Pudding de chía'),
('Flan de proteínas'),
('Barritas energéticas caseras'),
('Galletas de avena'),
('Muffins integrales'),
('Panqueques de proteína'),
('Waffles integrales'),
('Helado de proteína'),
('Natillas light'),
('Arroz con leche light'),
('Fruta fresca'),
('Compota sin azúcar'),
('Macedonia de frutas'),
('Manzana asada'),
('Peras al horno'),
('Plátano con canela'),
('Fresas con yogur'),
('Piña asada'),
('Melón con jamón'),
('Sandía con queso fresco'),
('Kiwi con semillas'),
('Aguacate relleno'),
('Aceitunas negras'),
('Encurtidos variados'),
('Pepinillos en vinagre'),
('Banderillas de vegetales'),
('Crudités con hummus'),
('Guacamole con crudités'),
('Salsa de yogur'),
('Tzatziki'),
('Salsa de mostaza y miel'),
('Vinagreta light'),
('Alioli light'),
('Mayonesa de aguacate'),
('Paté de atún'),
('Paté de hígado'),
('Queso fresco batido'),
('Requesón'),
('Queso cottage'),
('Queso feta'),
('Mozzarella light'),
('Ricotta'),
('Jamón serrano'),
('Jamón cocido extra'),
('Pechuga de pavo ahumada'),
('Lomo embuchado'),
('Cecina'),
('Salmón ahumado'),
('Anchoas'),
('Boquerones en vinagre'),
('Caballa al natural'),
('Bonito del norte'),
('Ventresca de atún'),
('Dorada al horno'),
('Lubina a la sal'),
('Rodaballo a la plancha'),
('Bacalao al pil-pil'),
('Merluza en salsa verde'),
('Chipirones en su tinta'),
('Pulpo a la gallega'),
('Sepia a la plancha'),
('Langostinos al ajillo'),
('Gambas al vapor'),
('Bogavante a la parrilla'),
('Centollo al natural'),
('Nécora cocida'),
('Percebes cocidos'),
('Almejas a la marinera'),
('Mejillones en escabeche'),
('Berberechos al vapor'),
('Ostras al natural'),
('Vieiras gratinadas'),
('Navajas a la plancha'),
('Caracoles en salsa'),
('Angulas al ajillo'),
('Anguila ahumada'),
('Trucha ahumada'),
('Caviar'),
('Huevas de salmón'),
('Huevas de lumpo'),
('Anchoas en aceite'),
('Atún en aceite de oliva'),
('Sardinas en aceite'),
('Caballa en escabeche'),
('Bonito en aceite'),
('Ventresca en aceite'),
('Melva en escabeche'),
('Jurel en escabeche'),
('Salmonete a la plancha'),
('Rape al horno'),
('Mero a la sal'),
('Corvina al horno'),
('Pargo al horno'),
('Besugo al horno'),
('Lubarro a la plancha'),
('Faneca al horno'),
('Chicharro a la plancha'),
('Japuta al horno'),
('Palometa a la plancha'),
('Pez espada a la plancha'),
('Atún rojo a la plancha'),
('Marlín ahumado'),
('Pez limón a la plancha'),
('Dorada a la espalda'),
('Lubina al horno con patatas'),
('Rodaballo al horno con verduras'),
('Bacalao al horno con tomate'),
('Merluza a la romana'),
('Pescadilla frita'),
('Calamares a la romana'),
('Sepia a la plancha con ajo'),
('Pulpo a la gallega con patatas'),
('Langostinos a la plancha'),
('Gambas al ajillo'),
('Cigalas a la plancha'),
('Bogavante hervido'),
('Centollo al horno'),
('Nécora cocida con limón'),
('Percebes cocidos al natural'),
('Almejas a la marinera con arroz'),
('Mejillones al vapor con limón'),
('Berberechos al natural con limón'),
('Ostras al natural con limón'),
('Vieiras gratinadas con queso'),
('Navajas a la plancha con ajo'),
('Caracoles en salsa picante'),
('Angulas al ajillo con guindilla'),
('Anguila ahumada con pan'),
('Trucha ahumada con limón'),
('Caviar con blinis'),
('Huevas de salmón con pan'),
('Huevas de lumpo con pan'),
('Anchoas en aceite con pan'),
('Atún en aceite de oliva con pan'),
('Sardinas en aceite con pan'),
('Caballa en escabeche con pan'),
('Bonito en aceite con pan'),
('Ventresca en aceite con pan'),
('Melva en escabeche con pan'),
('Jurel en escabeche con pan'),
('Salmonete a la plancha con ensalada'),
('Rape al horno con patatas'),
('Mero a la sal con verduras'),
('Corvina al horno con limón'),
('Pargo al horno con hierbas'),
('Besugo al horno con patatas'),
('Lubina a la sal con ensalada'),
('Faneca al horno con verduras'),
('Chicharro a la plancha con pimientos'),
('Japuta al horno con cebolla'),
('Palometa a la plancha con limón'),
('Pez espada a la plancha con ensalada'),
('Atún rojo a la plancha con wasabi'),
('Marlín ahumado con pan'),
('Pez limón a la plancha con verduras'),
('Dorada a la espalda con patatas'),
('Lubina al horno con patatas y limón'),
('Rodaballo al horno con verduras y hierbas'),
('Bacalao al horno con tomate y cebolla'),
('Merluza a la romana con ensalada'),
('Pescadilla frita con limón'),
('Calamares a la romana con mayonesa'),
('Sepia a la plancha con ajo y perejil'),
('Pulpo a la gallega con patatas y pimentón'),
('Langostinos a la plancha con sal'),
('Gambas al ajillo con pan'),
('Cigalas a la plancha con mantequilla'),
('Bogavante hervido con mayonesa'),
('Centollo al horno con ajo'),
('Nécora cocida con limón y sal'),
('Percebes cocidos al natural con limón'),
('Almejas a la marinera con arroz blanco'),
('Mejillones al vapor con limón y perejil'),
('Berberechos al natural con limón y pimienta'),
('Ostras al natural con limón y chalota'),
('Vieiras gratinadas con queso y pan rallado'),
('Navajas a la plancha con ajo y perejil'),
('Caracoles en salsa picante con pan'),
('Angulas al ajillo con guindilla y pan'),
('Anguila ahumada con pan y mantequilla'),
('Trucha ahumada con limón y eneldo'),
('Caviar con blinis y crema agria'),
('Huevas de salmón con pan y mantequilla'),
('Huevas de lumpo con pan y limón'),
('Anchoas en aceite con pan y tomate'),
('Atún en aceite de oliva con pan y ajo'),
('Sardinas en aceite con pan y pimiento'),
('Caballa en escabeche con pan y cebolla'),
('Bonito en aceite con pan y tomate'),
('Ventresca en aceite con pan y pimiento'),
('Melva en escabeche con pan y cebolla'),
('Jurel en escabeche con pan y tomate'),
('Salmonete a la plancha con ensalada verde'),
('Rape al horno con patatas y ajo'),
('Mero a la sal con verduras asadas'),
('Corvina al horno con limón y hierbas'),
('Pargo al horno con hierbas y ajo'),
('Besugo al horno con patatas y limón'),
('Lubina a la sal con ensalada y vinagreta'),
('Faneca al horno con verduras y limón'),
('Chicharro a la plancha con pimientos asados'),
('Japuta al horno con cebolla y pimiento'),
('Palometa a la plancha con limón y perejil'),
('Pez espada a la plancha con ensalada y vinagreta'),
('Atún rojo a la plancha con wasabi y soja'),
('Marlín ahumado con pan y mantequilla'),
('Pez limón a la plancha con verduras salteadas'),
('Dorada a la espalda con patatas y romero'),
('Lubina al horno con patatas y limón'),
('Rodaballo al horno con verduras y hierbas'),
('Bacalao al horno con tomate y cebolla'),
('Merluza a la romana con ensalada'),
('Pescadilla frita con limón'),
('Calamares a la romana con mayonesa'),
('Sepia a la plancha con ajo y perejil'),
('Pulpo a la gallega con patatas y pimentón'),
('Langostinos a la plancha con sal'),
('Gambas al ajillo con pan'),
('Cigalas a la plancha con mantequilla'),
('Bogavante hervido con mayonesa'),
('Centollo al horno con ajo'),
('Nécora cocida con limón y sal'),
('Percebes cocidos al natural con limón'),
('Almejas a la marinera con arroz blanco'),
('Mejillones al vapor con limón y perejil'),
('Berberechos al natural con limón y pimienta'),
('Ostras al natural con limón y chalota'),
('Vieiras gratinadas con queso y pan rallado'),
('Navajas a la plancha con ajo y perejil'),
('Caracoles en salsa picante con pan'),
('Angulas al ajillo con guindilla y pan'),
('Anguila ahumada con pan y mantequilla'),
('Trucha ahumada con limón y eneldo'),
('Caviar con blinis y crema agria'),
('Huevas de salmón con pan y mantequilla'),
('Huevas de lumpo con pan y limón'),
('Anchoas en aceite con pan y tomate'),
('Atún en aceite de oliva con pan y ajo'),
('Sardinas en aceite con pan y pimiento'),
('Caballa en escabeche con pan y cebolla'),
('Bonito en aceite con pan y tomate'),
('Ventresca en aceite con pan y pimiento'),
('Melva en escabeche con pan y cebolla'),
('Jurel en escabeche con pan y tomate'),
('Salmonete a la plancha con ensalada verde'),
('Rape al horno con patatas y ajo'),
('Mero a la sal con verduras asadas'),
('Corvina al horno con limón y hierbas'),
('Pargo al horno con hierbas y ajo'),
('Besugo al horno con patatas y limón'),
('Lubina a la sal con ensalada y vinagreta'),
('Faneca al horno con verduras y limón'),
('Chicharro a la plancha con pimientos asados'),
('Japuta al horno con cebolla y pimiento'),
('Palometa a la plancha con limón y perejil'),
('Pez espada a la plancha con ensalada y vinagreta'),
('Atún rojo a la plancha con wasabi y soja'),
('Marlín ahumado con pan y mantequilla'),
('Pez limón a la plancha con verduras salteadas'),
('Dorada a la espalda con patatas y romero'),
('Lubina al horno con patatas y limón'),
('Rodaballo al horno con verduras y hierbas'),
('Bacalao al horno con tomate y cebolla'),
('Merluza a la romana con ensalada'),
('Pescadilla frita con limón'),
('Calamares a la romana con mayonesa'),
('Sepia a la plancha con ajo y perejil'),
('Pulpo a la gallega con patatas y pimentón'),
('Langostinos a la plancha con sal'),
('Gambas al ajillo con pan'),
('Cigalas a la plancha con mantequilla'),
('Bogavante hervido con mayonesa'),
('Centollo al horno con ajo'),
('Nécora cocida con limón y sal'),
('Percebes cocidos al natural con limón'),
('Almejas a la marinera con arroz blanco'),
('Mejillones al vapor con limón y perejil'),
('Berberechos al natural con limón y pimienta'),
('Ostras al natural con limón y chalota'),
('Vieiras gratinadas con queso y pan rallado'),
('Navajas a la plancha con ajo y perejil'),
('Caracoles en salsa picante con pan'),
('Angulas al ajillo con guindilla y pan'),
('Anguila ahumada con pan y mantequilla'),
('Trucha ahumada con limón y eneldo'),
('Caviar con blinis y crema agria'),
('Huevas de salmón con pan y mantequilla'),
('Huevas de lumpo con pan y limón'),
('Anchoas en aceite con pan y tomate'),
('Atún en aceite de oliva con pan y ajo'),
('Sardinas en aceite con pan y pimiento'),
('Caballa en escabeche con pan y cebolla'),
('Bonito en aceite con pan y tomate'),
('Ventresca en aceite con pan y pimiento'),
('Melva en escabeche con pan y cebolla'),
('Jurel en escabeche con pan y tomate'),
('Salmonete a la plancha con ensalada verde'),
('Rape al horno con patatas y ajo'),
('Mero a la sal con verduras asadas'),
('Corvina al horno con limón y hierbas'),
('Pargo al horno con hierbas y ajo'),
('Besugo al horno con patatas y limón'),
('Lubina a la sal con ensalada y vinagreta'),
('Faneca al horno con verduras y limón'),
('Chicharro a la plancha con pimientos asados'),
('Japuta al horno con cebolla y pimiento'),
('Palometa a la plancha con limón y perejil'),
('Pez espada a la plancha con ensalada y vinagreta'),
('Atún rojo a la plancha con wasabi y soja'),
('Marlín ahumado con pan y mantequilla'),
('Pez limón a la plancha con verduras salteadas'),
('Dorada a la espalda con patatas y romero'),
('Lubina al horno con patatas y limón'),
('Rodaballo al horno con verduras y hierbas'),
('Bacalao al horno con tomate y cebolla'),
('Merluza a la romana con ensalada'),
('Pescadilla frita con limón'),
('Calamares a la romana con mayonesa'),
('Sepia a la plancha con ajo y perejil'),
('Pulpo a la gallega con patatas y pimentón'),
('Langostinos a la plancha con sal'),
('Gambas al ajillo con pan'),
('Cigalas a la plancha con mantequilla'),
('Bogavante hervido con mayonesa'),
('Centollo al horno con ajo'),
('Nécora cocida con limón y sal'),
('Percebes cocidos al natural con limón'),
('Almejas a la marinera con arroz blanco'),
('Mejillones al vapor con limón y perejil'),
('Berberechos al natural con limón y pimienta'),
('Ostras al natural con limón y chalota'),
('Vieiras gratinadas con queso y pan rallado'),
('Navajas a la plancha con ajo y perejil'),
('Caracoles en salsa picante con pan'),
('Angulas al ajillo con guindilla y pan'),
('Anguila ahumada con pan y mantequilla'),
('Trucha ahumada con limón y eneldo'),
('Caviar con blinis y crema agria'),
('Huevas de salmón con pan y mantequilla'),
('Huevas de lumpo con pan y limón'),
('Anchoas en aceite con pan y tomate'),
('Atún en aceite de oliva con pan y ajo'),
('Sardinas en aceite con pan y pimiento'),
('Caballa en escabeche con pan y cebolla'),
('Bonito en aceite con pan y tomate'),
('Ventresca en aceite con pan y pimiento'),
('Melva en escabeche con pan y cebolla'),
('Jurel en escabeche con pan y tomate'),
('Salmonete a la plancha con ensalada verde'),
('Rape al horno con patatas y ajo'),
('Mero a la sal con verduras asadas'),
('Corvina al horno con limón y hierbas'),
('Pargo al horno con hierbas y ajo'),
('Besugo al horno con patatas y limón'),
('Lubina a la sal con ensalada y vinagreta'),
('Faneca al horno con verduras y limón'),
('Chicharro a la plancha con pimientos asados'),
('Japuta al horno con cebolla y pimiento'),
('Palometa a la plancha con limón y perejil'),
('Pez espada a la plancha con ensalada y vinagreta'),
('Atún rojo a la plancha con wasabi y soja'),
('Marlín ahumado con pan y mantequilla'),
('Pez limón a la plancha con verduras salteadas'),
('Dorada a la espalda con patatas y romero'),
('Lubina al horno con patatas y limón'),
('Rodaballo al horno con verduras y hierbas'),
('Bacalao al horno con tomate y cebolla'),
('Merluza a la romana con ensalada'),
('Pescadilla frita con limón'),
('Calamares a la romana con mayonesa'),
('Sepia a la plancha con ajo y perejil'),
('Pulpo a la gallega con patatas y pimentón'),
('Langostinos a la plancha con sal'),
('Gambas al ajillo con pan'),
('Cigalas a la plancha con mantequilla'),
('Bogavante hervido con mayonesa'),
('Centollo al horno con ajo'),
('Nécora cocida con limón y sal'),
('Percebes cocidos al natural con limón'),
('Almejas a la marinera con arroz blanco'),
('Mejillones al vapor con limón y perejil'),
('Berberechos al natural con limón y pimienta'),
('Ostras al natural con limón y chalota'),
('Vieiras gratinadas con queso y pan rallado'),
('Navajas a la plancha con ajo y perejil'),
('Caracoles en salsa picante con pan'),
('Angulas al ajillo con guindilla y pan'),
('Anguila ahumada con pan y mantequilla'),
('Trucha ahumada con limón y eneldo'),
('Caviar con blinis y crema agria'),
('Huevas de salmón con pan y mantequilla'),
('Huevas de lumpo con pan y limón'),
('Anchoas en aceite con pan y tomate'),
('Atún en aceite de oliva con pan y ajo'),
('Sardinas en aceite con pan y pimiento'),
('Caballa en escabeche con pan y cebolla'),
('Bonito en aceite con pan y tomate'),
('Ventresca en aceite con pan y pimiento'),
('Melva en escabeche con pan y cebolla'),
('Jurel en escabeche con pan y tomate'),
('Salmonete a la plancha con ensalada verde'),
('Rape al horno con patatas y ajo'),
('Mero a la sal con verduras asadas'),
('Corvina al horno con limón y hierbas'),
('Pargo al horno con hierbas y ajo'),
('Besugo al horno con patatas y limón'),
('Lubina a la sal con ensalada y vinagreta'),
('Faneca al horno con verduras y limón'),
('Chicharro a la plancha con pimientos asados'),
('Japuta al horno con cebolla y pimiento'),
('Palometa a la plancha con limón y perejil'),
('Pez espada a la plancha con ensalada y vinagreta'),
('Atún rojo a la plancha con wasabi y soja'),
('Marlín ahumado con pan y mantequilla'),
('Pez limón a la plancha con verduras salteadas'),
('Dorada a la espalda con patatas y romero'),
('Lubina al horno con patatas y limón'),
('Rodaballo al horno con verduras y hierbas'),
('Bacalao al horno con tomate y cebolla'),
('Merluza a la romana con ensalada'),
('Pescadilla frita con limón'),
('Calamares a la romana con mayonesa');

-- Insert diet templates
INSERT INTO diet_templates (name, description, diet_type, created_by) VALUES
('Weight Loss Standard', 'Balanced diet for weight loss', 'WEIGHT_LOSS', 1),
('Muscle Gain High Protein', 'High protein diet for muscle gain', 'MUSCLE_GAIN', 1),
('Athlete Maintenance', 'Diet for maintaining athletic performance', 'BALANCED', 2),
('Swimmer Nutrition', 'Nutrition plan for swimmers', 'BALANCED', 3);

-- Insert diet template dishes
INSERT INTO diet_template_dishes (template_id, dish_id, week_day, amount, meal_type) VALUES
(1, 1, 'MONDAY', 150.0, 'LUNCH'),
(1, 2, 'MONDAY', 100.0, 'LUNCH'),
(1, 3, 'MONDAY', 200.0, 'LUNCH'),
(1, 4, 'MONDAY', 150.0, 'DINNER'),
(1, 5, 'MONDAY', 150.0, 'DINNER'),
(1, 6, 'MONDAY', 200.0, 'SNACK'),
(2, 1, 'MONDAY', 200.0, 'BREAKFAST'),
(2, 7, 'MONDAY', 300.0, 'POST_WORKOUT'),
(2, 8, 'MONDAY', 150.0, 'BREAKFAST'),
(2, 9, 'MONDAY', 200.0, 'LUNCH'),
(3, 10, 'MONDAY', 150.0, 'BREAKFAST'),
(3, 11, 'MONDAY', 200.0, 'LUNCH'),
(3, 12, 'MONDAY', 150.0, 'DINNER'),
(4, 4, 'MONDAY', 200.0, 'LUNCH'),
(4, 13, 'MONDAY', 250.0, 'DINNER'),
(4, 14, 'MONDAY', 150.0, 'POST_WORKOUT');

-- Insert diets
INSERT INTO diets (name, description, diet_type, duration_days, created_by, start_at) VALUES
('Sarah Weight Loss', 'Custom weight loss plan for Sarah', 'WEIGHT_LOSS', 30, 1, NOW()),
('Mike Muscle Gain', 'High protein diet for Mike', 'MUSCLE_GAIN', 60, 1, NOW() + INTERVAL '1 day'),
('Emma Swimmer Diet', 'Nutrition for competitive swimming', 'BALANCED', 90, 3, NOW() + INTERVAL '2 days'),
('David Cutting Phase', 'Diet for cutting phase', 'LOW_CARB', 45, 1, NOW() + INTERVAL '1 week');

-- Update athletes with their diet IDs
UPDATE athletes SET diet_id = 1 WHERE id = 1;
UPDATE athletes SET diet_id = 2 WHERE id = 2;
UPDATE athletes SET diet_id = 3 WHERE id = 3;
UPDATE athletes SET diet_id = 4 WHERE id = 4;

-- Insert diet dishes
INSERT INTO diet_dishes (diet_id, dish_id, week_day, amount, meal_type) VALUES
(1, 1, 'MONDAY', 150.0, 'LUNCH'),
(1, 2, 'MONDAY', 100.0, 'LUNCH'),
(1, 3, 'MONDAY', 200.0, 'LUNCH'),
(1, 4, 'MONDAY', 150.0, 'DINNER'),
(1, 5, 'MONDAY', 150.0, 'DINNER'),
(1, 6, 'MONDAY', 200.0, 'SNACK'),
(2, 1, 'MONDAY', 200.0, 'BREAKFAST'),
(2, 7, 'MONDAY', 300.0, 'POST_WORKOUT'),
(2, 8, 'MONDAY', 150.0, 'BREAKFAST'),
(2, 9, 'MONDAY', 200.0, 'LUNCH'),
(3, 10, 'MONDAY', 150.0, 'BREAKFAST'),
(3, 11, 'MONDAY', 200.0, 'LUNCH'),
(3, 12, 'MONDAY', 150.0, 'DINNER'),
(4, 4, 'MONDAY', 200.0, 'LUNCH'),
(4, 13, 'MONDAY', 250.0, 'DINNER'),
(4, 14, 'MONDAY', 150.0, 'POST_WORKOUT');

-- Insert completion diet statistics
INSERT INTO completion_diet_statistics (diet_id, athlete_id, complete_at) VALUES
(1, 1, NOW() - INTERVAL '1 day'),
(1, 1, NOW() - INTERVAL '2 days'),
(2, 2, NOW() - INTERVAL '1 day'),
(3, 3, NOW() - INTERVAL '3 days'),
(4, 4, NOW() - INTERVAL '1 week');

-- Insert conversations
INSERT INTO conversations (trainer_id, athlete_id, created_at, updated_at, last_activity_at) VALUES
(1, 2, NOW() - INTERVAL '1 week', NOW(), NOW()),
(1, 4, NOW() - INTERVAL '3 days', NOW() - INTERVAL '1 hour', NOW() - INTERVAL '1 hour'),
(3, 5, NOW() - INTERVAL '2 weeks', NOW() - INTERVAL '1 day', NOW() - INTERVAL '1 day'),
(3, 6, NOW() - INTERVAL '5 days', NOW(), NOW());

-- Insert conversation users
INSERT INTO conversation_users (conversation_id, user_id, last_read_message_id, unread_count, joined_at) VALUES
(1, 1, NULL, 0, NOW() - INTERVAL '1 week'),
(1, 2, NULL, 2, NOW() - INTERVAL '1 week'),
(2, 1, NULL, 0, NOW() - INTERVAL '3 days'),
(2, 4, NULL, 1, NOW() - INTERVAL '3 days'),
(3, 3, NULL, 0, NOW() - INTERVAL '2 weeks'),
(3, 5, NULL, 0, NOW() - INTERVAL '2 weeks'),
(4, 3, NULL, 0, NOW() - INTERVAL '5 days'),
(4, 6, NULL, 3, NOW() - INTERVAL '5 days');

-- Insert messages
INSERT INTO messages (message_id, conversation_id, sender_id, receiver_id, sender_name, content, message_type, sent_at, delivered_at, read_at, status) VALUES
('msg1', 1, 1, 2, 'John Trainer', 'Hi Sarah, how was your workout today?', 'TEXT', NOW() - INTERVAL '6 hours', NOW() - INTERVAL '6 hours', NULL, 'DELIVERED'),
('msg2', 1, 2, 1, 'Sarah Athlete', 'It was good! I completed all sets.', 'TEXT', NOW() - INTERVAL '5 hours', NOW() - INTERVAL '5 hours', NOW() - INTERVAL '4 hours', 'READ'),
('msg3', 1, 1, 2, 'John Trainer', 'Great! Any pain or discomfort?', 'TEXT', NOW() - INTERVAL '4 hours', NOW() - INTERVAL '4 hours', NULL, 'DELIVERED'),
('msg4', 2, 1, 4, 'John Trainer', 'Mike, remember our session tomorrow at 10am', 'TEXT', NOW() - INTERVAL '2 hours', NOW() - INTERVAL '2 hours', NULL, 'DELIVERED'),
('msg5', 3, 5, 3, 'David Lifter', 'Coach, I need to reschedule our Friday session', 'TEXT', NOW() - INTERVAL '1 day', NOW() - INTERVAL '1 day', NOW() - INTERVAL '1 day', 'READ'),
('msg6', 3, 3, 5, 'Mike Coach', 'No problem, what time works for you?', 'TEXT', NOW() - INTERVAL '23 hours', NOW() - INTERVAL '23 hours', NOW() - INTERVAL '22 hours', 'READ'),
('msg7', 4, 6, 3, 'Lisa Swimmer', 'I improved my lap time by 2 seconds!', 'TEXT', NOW() - INTERVAL '3 hours', NOW() - INTERVAL '3 hours', NULL, 'DELIVERED'),
('msg8', 4, 3, 6, 'Admin User', 'That''s amazing progress Lisa!', 'TEXT', NOW() - INTERVAL '2 hours', NOW() - INTERVAL '2 hours', NULL, 'DELIVERED'),
('msg9', 4, 6, 3, 'Lisa Swimmer', 'Thanks! The new drills helped a lot', 'TEXT', NOW() - INTERVAL '1 hour', NOW() - INTERVAL '1 hour', NULL, 'DELIVERED');

-- Insert active sessions
INSERT INTO active_sessions (user_id, conversation_id, session_id, connected_at, last_ping_at, user_agent, ip_address) VALUES
(1, 1, 'sess1', NOW() - INTERVAL '10 minutes', NOW(), 'Mozilla/5.0 (Windows NT 10.0)', '192.168.1.1'),
(2, 1, 'sess2', NOW() - INTERVAL '5 minutes', NOW() - INTERVAL '1 minute', 'Mozilla/5.0 (iPhone)', '192.168.1.2'),
(3, 3, 'sess3', NOW() - INTERVAL '30 minutes', NOW(), 'Mozilla/5.0 (Macintosh)', '192.168.1.3'),
(6, 4, 'sess4', NOW() - INTERVAL '15 minutes', NOW() - INTERVAL '5 minutes', 'Mozilla/5.0 (Android)', '192.168.1.4');

-- Insert sessions
INSERT INTO sessions (title, date_time, session_type, trainer_id, athlete_id, expected_duration_minutes, actual_duration_minutes, completed) VALUES
('Initial Assessment', NOW() - INTERVAL '1 week', 'ASSESSMENT', 1, 1, 60, 55, TRUE),
('Strength Training', NOW() - INTERVAL '3 days', 'TRAINING', 1, 1, 60, 60, TRUE),
('Cardio Session', NOW() - INTERVAL '2 days', 'TRAINING', 2, 2, 45, 50, TRUE),
('Swim Technique', NOW() - INTERVAL '1 day', 'TRAINING', 3, 3, 90, 95, TRUE),
('Powerlifting Form', NOW() - INTERVAL '5 days', 'TRAINING', 1, 4, 120, 110, TRUE),
('Nutrition Consultation', NOW() + INTERVAL '1 day', 'CONSULTATION', 1, 1, 30, NULL, FALSE),
('Follow Up', NOW() + INTERVAL '3 days', 'FOLLOW_UP', 1, 2, 45, NULL, FALSE),
('Swim Assessment', NOW() + INTERVAL '2 days', 'ASSESSMENT', 3, 3, 60, NULL, FALSE);

-- Insert registration keys
INSERT INTO key_gen (key, trainer_id) VALUES
('ABCD1234', 1),
('EFGH5678', 1),
('IJKL9012', 2),
('MNOP3456', 3),
('QRST7890', 3);


-- Insert strength statistics
INSERT INTO strength_statistics (athlete_id, recorded_at, bench_press_max, squat_max, deadlift_max, pull_ups_max, push_ups_max, strength_index, muscular_endurance, power_output) VALUES
-- Sarah Athlete (ID: 1) - Female, 28 años
(1, NOW() - INTERVAL '1 month', 45.0, 60.0, 70.0, 8, 25, 75.5, 68.0, 280.0),
(1, NOW() - INTERVAL '2 weeks', 47.5, 62.5, 75.0, 10, 30, 78.2, 72.0, 295.0),
(1, NOW() - INTERVAL '1 week', 50.0, 65.0, 80.0, 12, 35, 82.1, 75.0, 310.0),

-- Mike Coach (ID: 2) - Male, 32 años
(2, NOW() - INTERVAL '3 weeks', 85.0, 120.0, 140.0, 15, 50, 92.3, 85.0, 450.0),
(2, NOW() - INTERVAL '1 week', 87.5, 125.0, 145.0, 18, 55, 95.1, 88.0, 465.0),
(2, NOW() - INTERVAL '3 days', 90.0, 130.0, 150.0, 20, 60, 98.5, 90.0, 480.0),

-- David Lifter (ID: 3) - Male, 25 años, enfocado en fuerza
(3, NOW() - INTERVAL '1 month', 110.0, 160.0, 180.0, 20, 45, 95.8, 82.0, 520.0),
(3, NOW() - INTERVAL '2 weeks', 115.0, 170.0, 190.0, 22, 50, 98.2, 85.0, 540.0),
(3, NOW() - INTERVAL '5 days', 120.0, 175.0, 200.0, 25, 55, 100.0, 88.0, 560.0),

-- Lisa Swimmer (ID: 4) - Female, 30 años, más enfocada en resistencia
(4, NOW() - INTERVAL '3 weeks', 35.0, 50.0, 60.0, 6, 20, 65.2, 88.0, 250.0),
(4, NOW() - INTERVAL '1 week', 37.5, 52.5, 65.0, 8, 25, 68.5, 90.0, 265.0),
(4, NOW() - INTERVAL '2 days', 40.0, 55.0, 70.0, 10, 30, 72.1, 92.0, 280.0);

-- Insert endurance statistics
INSERT INTO endurance_statistics (athlete_id, recorded_at, vo2_max, resting_heart_rate, max_heart_rate, running_pace_min_km, cardio_endurance, aerobic_capacity, recovery_time_minutes, distance_covered_km) VALUES
-- Sarah Athlete - Buena condición cardiovascular
(1, NOW() - INTERVAL '1 month', 42.5, 65, 185, 5.8, 78.0, 82.0, 2.5, 8.5),
(1, NOW() - INTERVAL '2 weeks', 44.2, 63, 185, 5.6, 81.0, 85.0, 2.3, 10.0),
(1, NOW() - INTERVAL '1 week', 45.8, 62, 186, 5.4, 84.0, 87.5, 2.1, 12.0),

-- Mike Coach - Resistencia moderada
(2, NOW() - INTERVAL '3 weeks', 38.5, 72, 188, 6.2, 65.0, 70.0, 3.2, 6.5),
(2, NOW() - INTERVAL '1 week', 40.1, 70, 188, 6.0, 68.0, 73.0, 3.0, 8.0),
(2, NOW() - INTERVAL '3 days', 41.5, 68, 189, 5.9, 71.0, 75.5, 2.8, 9.5),

-- David Lifter - Resistencia básica, enfocado en fuerza
(3, NOW() - INTERVAL '1 month', 35.2, 75, 190, 6.8, 58.0, 62.0, 4.0, 5.0),
(3, NOW() - INTERVAL '2 weeks', 36.8, 73, 190, 6.6, 61.0, 65.0, 3.8, 6.2),
(3, NOW() - INTERVAL '5 days', 38.1, 72, 191, 6.4, 64.0, 67.5, 3.5, 7.5),

-- Lisa Swimmer - Excelente resistencia cardiovascular
(4, NOW() - INTERVAL '3 weeks', 52.5, 58, 182, 4.8, 95.0, 96.0, 1.8, 15.0),
(4, NOW() - INTERVAL '1 week', 54.2, 56, 182, 4.6, 97.0, 98.0, 1.6, 18.0),
(4, NOW() - INTERVAL '2 days', 55.8, 55, 183, 4.4, 98.5, 99.0, 1.5, 20.0);

-- Insert body measurement history
INSERT INTO body_measurement_history (athlete_id, measurement_id, recorded_at, weight_change, body_fat_change, muscle_mass_gain, bmi, body_composition) VALUES
-- Sarah Athlete (measurement_id: 1) - Progreso en composición corporal
(1, 1, NOW() - INTERVAL '1 month', 0.0, 0.0, 0.0, 22.7, 78.0),
(1, 1, NOW() - INTERVAL '2 weeks', -1.5, -1.2, 0.8, 22.2, 79.2),
(1, 1, NOW() - INTERVAL '1 week', -0.8, -0.5, 0.5, 21.9, 80.5),

-- Mike Coach (measurement_id: 2) - Ganancia de masa muscular
(2, 2, NOW() - INTERVAL '3 weeks', 0.0, 0.0, 0.0, 24.7, 82.0),
(2, 2, NOW() - INTERVAL '1 week', 2.0, -0.8, 1.5, 25.1, 83.8),
(2, 2, NOW() - INTERVAL '3 days', 1.0, -0.3, 0.8, 25.4, 84.6),

-- David Lifter (measurement_id: 3) - Desarrollo muscular significativo
(3, 3, NOW() - INTERVAL '1 month', 0.0, 0.0, 0.0, 24.5, 85.0),
(3, 3, NOW() - INTERVAL '2 weeks', 3.0, -1.5, 2.2, 25.4, 87.5),
(3, 3, NOW() - INTERVAL '5 days', 1.5, -0.8, 1.1, 25.9, 88.8),

-- Lisa Swimmer (measurement_id: 4) - Mantenimiento con ligeras mejoras
(4, 4, NOW() - INTERVAL '3 weeks', 0.0, 0.0, 0.0, 22.0, 80.0),
(4, 4, NOW() - INTERVAL '1 week', -0.5, -0.8, 0.3, 21.8, 80.8),
(4, 4, NOW() - INTERVAL '2 days', -0.3, -0.4, 0.2, 21.7, 81.2);